<?xml version="1.0" encoding="UTF-8"?>
<project-private xmlns="http://www.netbeans.org/ns/project-private/1">
    <editor-bookmarks xmlns="http://www.netbeans.org/ns/editor-bookmarks/2" lastBookmarkId="0"/>
    <open-files xmlns="http://www.netbeans.org/ns/projectui-open-files/2">
        <group>
            <file>file:/home/caenrique93/Dropbox/Universidad/TERCERO/DyDSI/Practica1/src/Persistencia/ManejaAlimento.java</file>
            <file>file:/home/caenrique93/Dropbox/Universidad/TERCERO/DyDSI/Practica1/src/Persistencia/ManejaTabla.java</file>
            <file>file:/home/caenrique93/Dropbox/Universidad/TERCERO/DyDSI/Practica1/src/tests/TestManejaRecoge.java</file>
            <file>file:/home/caenrique93/Dropbox/Universidad/TERCERO/DyDSI/Practica1/src/Datos/Establecimiento.java</file>
            <file>file:/home/caenrique93/Dropbox/Universidad/TERCERO/DyDSI/Practica1/src/Datos/Alimento.java</file>
            <file>file:/home/caenrique93/Dropbox/Universidad/TERCERO/DyDSI/Practica1/src/Persistencia/ManejaPersona.java</file>
            <file>file:/home/caenrique93/Dropbox/Universidad/TERCERO/DyDSI/Practica1/src/Datos/Voluntario.java</file>
            <file>file:/home/caenrique93/Dropbox/Universidad/TERCERO/DyDSI/Practica1/src/Datos/Recoge.java</file>
            <file>file:/home/caenrique93/Dropbox/Universidad/TERCERO/DyDSI/Practica1/src/Persistencia/ManejaRecoge.java</file>
            <file>file:/home/caenrique93/Dropbox/Universidad/TERCERO/DyDSI/Practica1/src/Persistencia/ManejaInstitucion.java</file>
        </group>
    </open-files>
</project-private>
